record_id,title,doi,screening_priority,landing_url,landing_status,landing_content_type,landing_error,saved_landing_page,pdf_candidate_count,pdf_candidates,download_status,downloaded_pdf,download_error
WOS0052,"Urban heat health risk inequality and its drivers based on local climate zones: A case study of Qingdao, China",10.1016/j.buildenv.2025.112827,medium,https://linkinghub.elsevier.com/retrieve/pii/S0360132325003099,200,text/html;charset=UTF-8,,D:\LCZ_pdf_acquisition_handoff_portable_20260514\LCZ_pdf_acquisition_handoff_20260514\fulltext_pages\WOS0052.html,2,https://www.sciencedirect.com/science/article/pii/S0360132325003099/pdfft?isDTMRedir=true&download=true; https://reader.elsevier.com/reader/sd/pii/S0360132325003099?download=true,no_pdf_downloaded,,"https://www.sciencedirect.com/science/article/pii/S0360132325003099/pdfft?isDTMRedir=true&download=true: HTTPError: HTTP Error 403: Forbidden | https://reader.elsevier.com/reader/sd/pii/S0360132325003099?download=true: URLError(SSLError(1, '[SSL: SSLV3_ALERT_HANDSHAKE_FAILURE] sslv3 alert handshake failure (_ssl.c:1006)'))"
WOS0053,Supplementing street view imagery to local climate zones for modeling land surface temperature: a case study of Guangzhou,10.1016/j.scs.2025.106644,high,https://linkinghub.elsevier.com/retrieve/pii/S2210670725005189,200,text/html;charset=UTF-8,,D:\LCZ_pdf_acquisition_handoff_portable_20260514\LCZ_pdf_acquisition_handoff_20260514\fulltext_pages\WOS0053.html,2,https://www.sciencedirect.com/science/article/pii/S2210670725005189/pdfft?isDTMRedir=true&download=true; https://reader.elsevier.com/reader/sd/pii/S2210670725005189?download=true,no_pdf_downloaded,,"https://www.sciencedirect.com/science/article/pii/S2210670725005189/pdfft?isDTMRedir=true&download=true: HTTPError: HTTP Error 403: Forbidden | https://reader.elsevier.com/reader/sd/pii/S2210670725005189?download=true: URLError(SSLError(1, '[SSL: SSLV3_ALERT_HANDSHAKE_FAILURE] sslv3 alert handshake failure (_ssl.c:1006)'))"
WOS0054,"Spatiotemporal Evolution of Urban Driving Factors and Seasonal Heat Island Response from the Perspective of Local Climate Zones: A Case Study of Xiamen City, China",10.3390/rs17101678,medium,https://www.mdpi.com/2072-4292/17/10/1678,403,text/html,HTTPError: HTTP Error 403: Forbidden,D:\LCZ_pdf_acquisition_handoff_portable_20260514\LCZ_pdf_acquisition_handoff_20260514\fulltext_pages\WOS0054.html,1,https://www.mdpi.com/2072-4292/17/10/1678/pdf,no_pdf_downloaded,,https://www.mdpi.com/2072-4292/17/10/1678/pdf: HTTPError: HTTP Error 403: Forbidden
WOS0055,Mapping Local Climate Zones in the Urban Environment: The Optimal Combination of Data Source and Classifier,10.3390/s22176407,high,https://www.mdpi.com/1424-8220/22/17/6407,403,text/html,HTTPError: HTTP Error 403: Forbidden,D:\LCZ_pdf_acquisition_handoff_portable_20260514\LCZ_pdf_acquisition_handoff_20260514\fulltext_pages\WOS0055.html,1,https://www.mdpi.com/1424-8220/22/17/6407/pdf,no_pdf_downloaded,,https://www.mdpi.com/1424-8220/22/17/6407/pdf: HTTPError: HTTP Error 403: Forbidden
WOS0056,Future local climate zone spatial change simulation in Greater Bay Area under the shared socioeconomic pathways and ecological control line,10.1016/j.buildenv.2021.108077,high,https://linkinghub.elsevier.com/retrieve/pii/S0360132321004790,200,text/html;charset=UTF-8,,D:\LCZ_pdf_acquisition_handoff_portable_20260514\LCZ_pdf_acquisition_handoff_20260514\fulltext_pages\WOS0056.html,2,https://www.sciencedirect.com/science/article/pii/S0360132321004790/pdfft?isDTMRedir=true&download=true; https://reader.elsevier.com/reader/sd/pii/S0360132321004790?download=true,no_pdf_downloaded,,"https://www.sciencedirect.com/science/article/pii/S0360132321004790/pdfft?isDTMRedir=true&download=true: HTTPError: HTTP Error 403: Forbidden | https://reader.elsevier.com/reader/sd/pii/S0360132321004790?download=true: URLError(SSLError(1, '[SSL: SSLV3_ALERT_HANDSHAKE_FAILURE] sslv3 alert handshake failure (_ssl.c:1006)'))"
WOS0057,Coupling Dual Graph Convolution Network and Residual Network for Local Climate Zone Mapping,10.1109/JSTARS.2021.3132394,high,https://ieeexplore.ieee.org/document/9635677/,200,text/html;charset=UTF-8,,D:\LCZ_pdf_acquisition_handoff_portable_20260514\LCZ_pdf_acquisition_handoff_20260514\fulltext_pages\WOS0057.html,0,,no_pdf_candidate,,
WOS0058,Developing local-climate-zone-based logarithmic law wind profile considering urban morphology,10.1016/j.uclim.2024.102246,high,https://linkinghub.elsevier.com/retrieve/pii/S2212095524004437,200,text/html;charset=UTF-8,,D:\LCZ_pdf_acquisition_handoff_portable_20260514\LCZ_pdf_acquisition_handoff_20260514\fulltext_pages\WOS0058.html,2,https://www.sciencedirect.com/science/article/pii/S2212095524004437/pdfft?isDTMRedir=true&download=true; https://reader.elsevier.com/reader/sd/pii/S2212095524004437?download=true,no_pdf_downloaded,,"https://www.sciencedirect.com/science/article/pii/S2212095524004437/pdfft?isDTMRedir=true&download=true: HTTPError: HTTP Error 403: Forbidden | https://reader.elsevier.com/reader/sd/pii/S2212095524004437?download=true: URLError(SSLError(1, '[SSL: SSLV3_ALERT_HANDSHAKE_FAILURE] sslv3 alert handshake failure (_ssl.c:1006)'))"
WOS0059,DF4LCZ: A SAM-Empowered Data Fusion Framework for Scene-Level Local Climate Zone Classification,10.1109/TGRS.2024.3414143,high,https://ieeexplore.ieee.org/document/10556641/,200,text/html;charset=UTF-8,,D:\LCZ_pdf_acquisition_handoff_portable_20260514\LCZ_pdf_acquisition_handoff_20260514\fulltext_pages\WOS0059.html,0,,no_pdf_candidate,,
WOS0060,Patch-Based Local Climate Zones Mapping and Population Distribution Pattern in Provincial Capital Cities of China,10.3390/ijgi11080420,high,https://doi.org/10.3390/ijgi11080420,,,URLError(TimeoutError('_ssl.c:989: The handshake operation timed out')),,0,,no_pdf_candidate,,
WOS0062,"Optimizing cooling efficiency of urban greenspaces across local climate zones in Wuhan, China",10.1016/j.ufug.2025.128691,high,https://linkinghub.elsevier.com/retrieve/pii/S1618866725000251,200,text/html;charset=UTF-8,,D:\LCZ_pdf_acquisition_handoff_portable_20260514\LCZ_pdf_acquisition_handoff_20260514\fulltext_pages\WOS0062.html,2,https://www.sciencedirect.com/science/article/pii/S1618866725000251/pdfft?isDTMRedir=true&download=true; https://reader.elsevier.com/reader/sd/pii/S1618866725000251?download=true,no_pdf_downloaded,,"https://www.sciencedirect.com/science/article/pii/S1618866725000251/pdfft?isDTMRedir=true&download=true: HTTPError: HTTP Error 403: Forbidden | https://reader.elsevier.com/reader/sd/pii/S1618866725000251?download=true: URLError(SSLError(1, '[SSL: SSLV3_ALERT_HANDSHAKE_FAILURE] sslv3 alert handshake failure (_ssl.c:1006)'))"
WOS0063,"A Literature Survey of Local Climate Zone Classification: Status, Application, and Prospect",10.3390/buildings12101693,high,https://doi.org/10.3390/buildings12101693,,,RemoteDisconnected('Remote end closed connection without response'),,0,,no_pdf_candidate,,
WOS0064,Mapping urban morphology changes in the last two decades based on local climate zone scheme: A case study of three major urban agglomerations in China,10.1016/j.uclim.2022.101391,high,https://linkinghub.elsevier.com/retrieve/pii/S2212095522003091,200,text/html;charset=UTF-8,,D:\LCZ_pdf_acquisition_handoff_portable_20260514\LCZ_pdf_acquisition_handoff_20260514\fulltext_pages\WOS0064.html,2,https://www.sciencedirect.com/science/article/pii/S2212095522003091/pdfft?isDTMRedir=true&download=true; https://reader.elsevier.com/reader/sd/pii/S2212095522003091?download=true,no_pdf_downloaded,,"https://www.sciencedirect.com/science/article/pii/S2212095522003091/pdfft?isDTMRedir=true&download=true: HTTPError: HTTP Error 403: Forbidden | https://reader.elsevier.com/reader/sd/pii/S2212095522003091?download=true: URLError(SSLError(1, '[SSL: SSLV3_ALERT_HANDSHAKE_FAILURE] sslv3 alert handshake failure (_ssl.c:1006)'))"
WOS0065,Artificial intelligence for predicting urban heat island effect and optimising land use/land cover for mitigation: Prospects and recent advancements,10.1016/j.uclim.2024.101976,high,https://linkinghub.elsevier.com/retrieve/pii/S221209552400172X,200,text/html;charset=UTF-8,,D:\LCZ_pdf_acquisition_handoff_portable_20260514\LCZ_pdf_acquisition_handoff_20260514\fulltext_pages\WOS0065.html,2,https://www.sciencedirect.com/science/article/pii/S221209552400172X/pdfft?isDTMRedir=true&download=true; https://reader.elsevier.com/reader/sd/pii/S221209552400172X?download=true,no_pdf_downloaded,,"https://www.sciencedirect.com/science/article/pii/S221209552400172X/pdfft?isDTMRedir=true&download=true: HTTPError: HTTP Error 403: Forbidden | https://reader.elsevier.com/reader/sd/pii/S221209552400172X?download=true: URLError(SSLError(1, '[SSL: SSLV3_ALERT_HANDSHAKE_FAILURE] sslv3 alert handshake failure (_ssl.c:1006)'))"
WOS0066,"Bottom-Up Approach to Spatial-Temporal Mapping of Urban Community-Scale Carbon Emissions: A Case Study in Guangzhou, China",10.3390/buildings16051075,high,https://doi.org/10.3390/buildings16051075,,,URLError(TimeoutError('_ssl.c:989: The handshake operation timed out')),,0,,no_pdf_candidate,,
WOS0067,Local Climate Zone Mapping by Integrating Hyperspectral and Multispectral Data with a Spectral-Spatial Fusion Network,10.3390/rs18050696,high,https://doi.org/10.3390/rs18050696,,,URLError(TimeoutError('_ssl.c:989: The handshake operation timed out')),,0,,no_pdf_candidate,,
WOS0068,"Investigating surface UHI using local climate zones (LCZs), the case study of Cairo's River Islands (vol 77, pg 293, 2023)",10.1016/j.aej.2024.07.025,medium,https://linkinghub.elsevier.com/retrieve/pii/S1110016824007464,200,text/html;charset=UTF-8,,D:\LCZ_pdf_acquisition_handoff_portable_20260514\LCZ_pdf_acquisition_handoff_20260514\fulltext_pages\WOS0068.html,2,https://www.sciencedirect.com/science/article/pii/S1110016824007464/pdfft?isDTMRedir=true&download=true; https://reader.elsevier.com/reader/sd/pii/S1110016824007464?download=true,no_pdf_downloaded,,"https://www.sciencedirect.com/science/article/pii/S1110016824007464/pdfft?isDTMRedir=true&download=true: HTTPError: HTTP Error 403: Forbidden | https://reader.elsevier.com/reader/sd/pii/S1110016824007464?download=true: URLError(SSLError(1, '[SSL: SSLV3_ALERT_HANDSHAKE_FAILURE] sslv3 alert handshake failure (_ssl.c:1006)'))"
WOS0069,"Future urban expansion and local climate zone changes in relation to land surface temperature: Case of Bangkok Metropolitan Administration, Thailand",10.1016/j.uclim.2021.100835,high,https://linkinghub.elsevier.com/retrieve/pii/S2212095521000651,200,text/html;charset=UTF-8,,D:\LCZ_pdf_acquisition_handoff_portable_20260514\LCZ_pdf_acquisition_handoff_20260514\fulltext_pages\WOS0069.html,2,https://www.sciencedirect.com/science/article/pii/S2212095521000651/pdfft?isDTMRedir=true&download=true; https://reader.elsevier.com/reader/sd/pii/S2212095521000651?download=true,no_pdf_downloaded,,"https://www.sciencedirect.com/science/article/pii/S2212095521000651/pdfft?isDTMRedir=true&download=true: HTTPError: HTTP Error 403: Forbidden | https://reader.elsevier.com/reader/sd/pii/S2212095521000651?download=true: URLError(SSLError(1, '[SSL: SSLV3_ALERT_HANDSHAKE_FAILURE] sslv3 alert handshake failure (_ssl.c:1006)'))"
WOS0070,Local Climate Zone classification for Indian cities: A case study of Nagpur,10.1016/j.uclim.2017.03.003,high,https://linkinghub.elsevier.com/retrieve/pii/S2212095517300226,200,text/html;charset=UTF-8,,D:\LCZ_pdf_acquisition_handoff_portable_20260514\LCZ_pdf_acquisition_handoff_20260514\fulltext_pages\WOS0070.html,2,https://www.sciencedirect.com/science/article/pii/S2212095517300226/pdfft?isDTMRedir=true&download=true; https://reader.elsevier.com/reader/sd/pii/S2212095517300226?download=true,no_pdf_downloaded,,"https://www.sciencedirect.com/science/article/pii/S2212095517300226/pdfft?isDTMRedir=true&download=true: HTTPError: HTTP Error 403: Forbidden | https://reader.elsevier.com/reader/sd/pii/S2212095517300226?download=true: URLError(SSLError(1, '[SSL: SSLV3_ALERT_HANDSHAKE_FAILURE] sslv3 alert handshake failure (_ssl.c:1006)'))"
WOS0071,Annual and monthly analysis of surface urban heat island intensity with respect to the local climate zones in Budapest,10.1016/j.uclim.2019.100573,medium,https://linkinghub.elsevier.com/retrieve/pii/S2212095518300658,200,text/html;charset=UTF-8,,D:\LCZ_pdf_acquisition_handoff_portable_20260514\LCZ_pdf_acquisition_handoff_20260514\fulltext_pages\WOS0071.html,2,https://www.sciencedirect.com/science/article/pii/S2212095518300658/pdfft?isDTMRedir=true&download=true; https://reader.elsevier.com/reader/sd/pii/S2212095518300658?download=true,no_pdf_downloaded,,"https://www.sciencedirect.com/science/article/pii/S2212095518300658/pdfft?isDTMRedir=true&download=true: HTTPError: HTTP Error 403: Forbidden | https://reader.elsevier.com/reader/sd/pii/S2212095518300658?download=true: URLError(SSLError(1, '[SSL: SSLV3_ALERT_HANDSHAKE_FAILURE] sslv3 alert handshake failure (_ssl.c:1006)'))"
WOS0072,Thermal environment disparities and adaptive mechanisms in wintertime cold coastal cities: An empirical study based on Local Climate Zones,10.1016/j.scs.2025.106605,high,https://linkinghub.elsevier.com/retrieve/pii/S2210670725004792,200,text/html;charset=UTF-8,,D:\LCZ_pdf_acquisition_handoff_portable_20260514\LCZ_pdf_acquisition_handoff_20260514\fulltext_pages\WOS0072.html,2,https://www.sciencedirect.com/science/article/pii/S2210670725004792/pdfft?isDTMRedir=true&download=true; https://reader.elsevier.com/reader/sd/pii/S2210670725004792?download=true,no_pdf_downloaded,,"https://www.sciencedirect.com/science/article/pii/S2210670725004792/pdfft?isDTMRedir=true&download=true: HTTPError: HTTP Error 403: Forbidden | https://reader.elsevier.com/reader/sd/pii/S2210670725004792?download=true: URLError(SSLError(1, '[SSL: SSLV3_ALERT_HANDSHAKE_FAILURE] sslv3 alert handshake failure (_ssl.c:1006)'))"
WOS0073,Microclimate impact assessment for city color planning-a case study in Xi'an city based on the WRF-UCM model,10.1007/s10668-025-06847-4,high,https://link.springer.com/article/10.1007/s10668-025-06847-4?error=cookies_not_supported&code=6a955853-5e04-4f02-ab9f-31a4bd36982c,200,text/html; charset=utf-8,,D:\LCZ_pdf_acquisition_handoff_portable_20260514\LCZ_pdf_acquisition_handoff_20260514\fulltext_pages\WOS0073.html,1,https://link.springer.com/content/pdf/10.1007/s10668-025-06847-4.pdf,downloaded,D:\LCZ_pdf_acquisition_handoff_portable_20260514\LCZ_pdf_acquisition_handoff_20260514\fulltext_pdfs\WOS0073_10.1007_s10668-025-06847-4.pdf,
WOS0074,Surface Urban Heat Island Risk Index Computation Using Remote-Sensed Data and Meta Population Dataset on Naples Urban Area (Italy),10.3390/rs17193306,high,https://www.mdpi.com/2072-4292/17/19/3306,403,text/html,HTTPError: HTTP Error 403: Forbidden,D:\LCZ_pdf_acquisition_handoff_portable_20260514\LCZ_pdf_acquisition_handoff_20260514\fulltext_pages\WOS0074.html,1,https://www.mdpi.com/2072-4292/17/19/3306/pdf,no_pdf_downloaded,,https://www.mdpi.com/2072-4292/17/19/3306/pdf: HTTPError: HTTP Error 403: Forbidden
WOS0075,Gradient-explicit assessment of surface urban heat island intensity in subtropical megacities,10.1016/j.scs.2026.107378,high,https://linkinghub.elsevier.com/retrieve/pii/S2210670726002659,200,text/html;charset=UTF-8,,D:\LCZ_pdf_acquisition_handoff_portable_20260514\LCZ_pdf_acquisition_handoff_20260514\fulltext_pages\WOS0075.html,2,https://www.sciencedirect.com/science/article/pii/S2210670726002659/pdfft?isDTMRedir=true&download=true; https://reader.elsevier.com/reader/sd/pii/S2210670726002659?download=true,no_pdf_downloaded,,"https://www.sciencedirect.com/science/article/pii/S2210670726002659/pdfft?isDTMRedir=true&download=true: HTTPError: HTTP Error 403: Forbidden | https://reader.elsevier.com/reader/sd/pii/S2210670726002659?download=true: URLError(SSLError(1, '[SSL: SSLV3_ALERT_HANDSHAKE_FAILURE] sslv3 alert handshake failure (_ssl.c:1006)'))"
WOS0077,"Geographical Detection of Urban Thermal Environment Based on the Local Climate Zones: A Case Study in Wuhan, China",10.3390/rs14051067,high,https://doi.org/10.3390/rs14051067,,,URLError(TimeoutError('_ssl.c:989: The handshake operation timed out')),,0,,no_pdf_candidate,,
WOS0078,"Summer Discrepancies between 2 m Air Temperature and Landsat LST in Suceava City, Northeastern Romania",10.3390/rs16162967,high,https://doi.org/10.3390/rs16162967,,,URLError(TimeoutError('_ssl.c:989: The handshake operation timed out')),,0,,no_pdf_candidate,,
WOS0079,Mapping local climate zones and their associated heat risk issues in Beijing: Based on open data,10.1016/j.scs.2021.103174,high,https://doi.org/10.1016/j.scs.2021.103174,,,URLError(TimeoutError('_ssl.c:989: The handshake operation timed out')),,0,,no_pdf_candidate,,
WOS0080,How well does the local climate zone scheme discern the thermal environment of Toulouse (France)? An analysis using numerical simulation data,10.1002/joc.6140,high,https://doi.org/10.1002/joc.6140,,,URLError(TimeoutError('_ssl.c:989: The handshake operation timed out')),,0,,no_pdf_candidate,,
WOS0081,How relevant are local climate zones and urban climate zones for urban climate research? Dijon (France) as a case study,10.1016/j.uclim.2018.10.002,high,https://linkinghub.elsevier.com/retrieve/pii/S2212095518300695,200,text/html;charset=UTF-8,,D:\LCZ_pdf_acquisition_handoff_portable_20260514\LCZ_pdf_acquisition_handoff_20260514\fulltext_pages\WOS0081.html,2,https://www.sciencedirect.com/science/article/pii/S2212095518300695/pdfft?isDTMRedir=true&download=true; https://reader.elsevier.com/reader/sd/pii/S2212095518300695?download=true,no_pdf_downloaded,,"https://www.sciencedirect.com/science/article/pii/S2212095518300695/pdfft?isDTMRedir=true&download=true: HTTPError: HTTP Error 403: Forbidden | https://reader.elsevier.com/reader/sd/pii/S2212095518300695?download=true: URLError(SSLError(1, '[SSL: SSLV3_ALERT_HANDSHAKE_FAILURE] sslv3 alert handshake failure (_ssl.c:1006)'))"
WOS0082,"Assessing the urban heat island effect of different local climate zones in Guangzhou, China",10.1016/j.buildenv.2023.110770,high,https://linkinghub.elsevier.com/retrieve/pii/S0360132323007977,200,text/html;charset=UTF-8,,D:\LCZ_pdf_acquisition_handoff_portable_20260514\LCZ_pdf_acquisition_handoff_20260514\fulltext_pages\WOS0082.html,2,https://www.sciencedirect.com/science/article/pii/S0360132323007977/pdfft?isDTMRedir=true&download=true; https://reader.elsevier.com/reader/sd/pii/S0360132323007977?download=true,no_pdf_downloaded,,"https://www.sciencedirect.com/science/article/pii/S0360132323007977/pdfft?isDTMRedir=true&download=true: HTTPError: HTTP Error 403: Forbidden | https://reader.elsevier.com/reader/sd/pii/S0360132323007977?download=true: URLError(SSLError(1, '[SSL: SSLV3_ALERT_HANDSHAKE_FAILURE] sslv3 alert handshake failure (_ssl.c:1006)'))"
WOS0083,Towards better exploiting object-based image analysis paradigm for local climate zones mapping,10.1016/j.isprsjprs.2023.03.018,high,https://doi.org/10.1016/j.isprsjprs.2023.03.018,,,URLError(TimeoutError('_ssl.c:989: The handshake operation timed out')),,0,,no_pdf_candidate,,
WOS0084,WUDAPT based LCZ mapping of medium-sized Indian cities located on flat terrain: Its assessment and application,10.1016/j.uclim.2025.102626,high,https://linkinghub.elsevier.com/retrieve/pii/S2212095525003426,200,text/html;charset=UTF-8,,D:\LCZ_pdf_acquisition_handoff_portable_20260514\LCZ_pdf_acquisition_handoff_20260514\fulltext_pages\WOS0084.html,2,https://www.sciencedirect.com/science/article/pii/S2212095525003426/pdfft?isDTMRedir=true&download=true; https://reader.elsevier.com/reader/sd/pii/S2212095525003426?download=true,no_pdf_downloaded,,"https://www.sciencedirect.com/science/article/pii/S2212095525003426/pdfft?isDTMRedir=true&download=true: HTTPError: HTTP Error 403: Forbidden | https://reader.elsevier.com/reader/sd/pii/S2212095525003426?download=true: URLError(SSLError(1, '[SSL: SSLV3_ALERT_HANDSHAKE_FAILURE] sslv3 alert handshake failure (_ssl.c:1006)'))"
WOS0085,Understanding the seasonal variations of land surface temperature in Nanjing urban area based on local climate zone,10.1016/j.uclim.2020.100657,medium,https://doi.org/10.1016/j.uclim.2020.100657,,,URLError(TimeoutError('_ssl.c:989: The handshake operation timed out')),,0,,no_pdf_candidate,,
WOS0086,Effect of local climate zone (LCZ) and building category (BC) classification on the simulation of urban climate and air-conditioning load in Hong Kong,10.1016/j.energy.2023.127004,high,https://doi.org/10.1016/j.energy.2023.127004,,,URLError(TimeoutError('_ssl.c:989: The handshake operation timed out')),,0,,no_pdf_candidate,,
WOS0087,A Decision Rule and Machine Learning-Based Hybrid Approach for Automated Land-Cover Type Local Climate Zones (LCZs) Mapping Using Multi-Source Remote Sensing Data,10.1109/JSTARS.2024.3386389,high,https://doi.org/10.1109/JSTARS.2024.3386389,,,URLError(TimeoutError('_ssl.c:989: The handshake operation timed out')),,0,,no_pdf_candidate,,
WOS0088,Hourly evolution of intra-urban temperature variability across the local climate zones. The case of Madrid,10.1016/j.uclim.2021.100921,high,https://doi.org/10.1016/j.uclim.2021.100921,,,URLError(TimeoutError('_ssl.c:989: The handshake operation timed out')),,0,,no_pdf_candidate,,
WOS0089,Multisource Earth Observation Data for Land-Cover Classification Using Random Forest,10.1109/LGRS.2018.2806223,high,https://ieeexplore.ieee.org/document/8307087/,200,text/html;charset=UTF-8,,D:\LCZ_pdf_acquisition_handoff_portable_20260514\LCZ_pdf_acquisition_handoff_20260514\fulltext_pages\WOS0089.html,0,,no_pdf_candidate,,
WOS0090,"Spatio-Temporal Evolution of Surface Urban Heat Island Distribution in Mountainous Urban Areas Based on Local Climate Zones: A Case Study of Tongren, China",10.3390/su17198744,high,https://www.mdpi.com/2071-1050/17/19/8744,403,text/html,HTTPError: HTTP Error 403: Forbidden,D:\LCZ_pdf_acquisition_handoff_portable_20260514\LCZ_pdf_acquisition_handoff_20260514\fulltext_pages\WOS0090.html,1,https://www.mdpi.com/2071-1050/17/19/8744/pdf,no_pdf_downloaded,,https://www.mdpi.com/2071-1050/17/19/8744/pdf: HTTPError: HTTP Error 403: Forbidden
WOS0092,Diurnal dynamics of heat exposure in Xi'an: A perspective from local climate zone,10.1016/j.buildenv.2022.109400,high,https://linkinghub.elsevier.com/retrieve/pii/S0360132322006333,200,text/html;charset=UTF-8,,D:\LCZ_pdf_acquisition_handoff_portable_20260514\LCZ_pdf_acquisition_handoff_20260514\fulltext_pages\WOS0092.html,2,https://www.sciencedirect.com/science/article/pii/S0360132322006333/pdfft?isDTMRedir=true&download=true; https://reader.elsevier.com/reader/sd/pii/S0360132322006333?download=true,no_pdf_downloaded,,"https://www.sciencedirect.com/science/article/pii/S0360132322006333/pdfft?isDTMRedir=true&download=true: HTTPError: HTTP Error 403: Forbidden | https://reader.elsevier.com/reader/sd/pii/S0360132322006333?download=true: URLError(SSLError(1, '[SSL: SSLV3_ALERT_HANDSHAKE_FAILURE] sslv3 alert handshake failure (_ssl.c:1006)'))"
WOS0093,"Mapping Local Climate Zones Using ArcGIS-Based Method and Exploring Land Surface Temperature Characteristics in Chenzhou, China",10.3390/su12072974,high,https://www.mdpi.com/2071-1050/12/7/2974,403,text/html,HTTPError: HTTP Error 403: Forbidden,D:\LCZ_pdf_acquisition_handoff_portable_20260514\LCZ_pdf_acquisition_handoff_20260514\fulltext_pages\WOS0093.html,1,https://www.mdpi.com/2071-1050/12/7/2974/pdf,no_pdf_downloaded,,https://www.mdpi.com/2071-1050/12/7/2974/pdf: HTTPError: HTTP Error 403: Forbidden
WOS0094,"Assessing the thermal behavior of different local climate zones in the Nanjing metropolis, China",10.1016/j.buildenv.2018.04.009,high,https://linkinghub.elsevier.com/retrieve/pii/S0360132318302130,200,text/html;charset=UTF-8,,D:\LCZ_pdf_acquisition_handoff_portable_20260514\LCZ_pdf_acquisition_handoff_20260514\fulltext_pages\WOS0094.html,2,https://www.sciencedirect.com/science/article/pii/S0360132318302130/pdfft?isDTMRedir=true&download=true; https://reader.elsevier.com/reader/sd/pii/S0360132318302130?download=true,no_pdf_downloaded,,"https://www.sciencedirect.com/science/article/pii/S0360132318302130/pdfft?isDTMRedir=true&download=true: HTTPError: HTTP Error 403: Forbidden | https://reader.elsevier.com/reader/sd/pii/S0360132318302130?download=true: URLError(SSLError(1, '[SSL: SSLV3_ALERT_HANDSHAKE_FAILURE] sslv3 alert handshake failure (_ssl.c:1006)'))"
WOS0095,Spatiotemporal dynamics of land surface temperature and its drivers within the local climate zone framework,10.1016/j.scs.2025.106859,high,https://linkinghub.elsevier.com/retrieve/pii/S2210670725007322,200,text/html;charset=UTF-8,,D:\LCZ_pdf_acquisition_handoff_portable_20260514\LCZ_pdf_acquisition_handoff_20260514\fulltext_pages\WOS0095.html,2,https://www.sciencedirect.com/science/article/pii/S2210670725007322/pdfft?isDTMRedir=true&download=true; https://reader.elsevier.com/reader/sd/pii/S2210670725007322?download=true,no_pdf_downloaded,,"https://www.sciencedirect.com/science/article/pii/S2210670725007322/pdfft?isDTMRedir=true&download=true: HTTPError: HTTP Error 403: Forbidden | https://reader.elsevier.com/reader/sd/pii/S2210670725007322?download=true: URLError(SSLError(1, '[SSL: SSLV3_ALERT_HANDSHAKE_FAILURE] sslv3 alert handshake failure (_ssl.c:1006)'))"
WOS0096,Integrating hybrid LCZ classification with albedo-based cooling to evaluate urban heat mitigation in a temperate city,10.1016/j.buildenv.2026.114623,high,https://linkinghub.elsevier.com/retrieve/pii/S0360132326004282,200,text/html;charset=UTF-8,,D:\LCZ_pdf_acquisition_handoff_portable_20260514\LCZ_pdf_acquisition_handoff_20260514\fulltext_pages\WOS0096.html,2,https://www.sciencedirect.com/science/article/pii/S0360132326004282/pdfft?isDTMRedir=true&download=true; https://reader.elsevier.com/reader/sd/pii/S0360132326004282?download=true,no_pdf_downloaded,,"https://www.sciencedirect.com/science/article/pii/S0360132326004282/pdfft?isDTMRedir=true&download=true: HTTPError: HTTP Error 403: Forbidden | https://reader.elsevier.com/reader/sd/pii/S0360132326004282?download=true: URLError(SSLError(1, '[SSL: SSLV3_ALERT_HANDSHAKE_FAILURE] sslv3 alert handshake failure (_ssl.c:1006)'))"
WOS0097,Defining and Verifying New Local Climate Zones with Three-Dimensional Built Environments and Urban Metabolism,10.3390/land13091461,high,https://www.mdpi.com/2073-445X/13/9/1461,403,text/html,HTTPError: HTTP Error 403: Forbidden,D:\LCZ_pdf_acquisition_handoff_portable_20260514\LCZ_pdf_acquisition_handoff_20260514\fulltext_pages\WOS0097.html,1,https://www.mdpi.com/2073-445X/13/9/1461/pdf,no_pdf_downloaded,,https://www.mdpi.com/2073-445X/13/9/1461/pdf: HTTPError: HTTP Error 403: Forbidden
WOS0100,Exploring the seasonal impact of photovoltaic roofs on urban land surface temperature under different urban spatial forms,10.1016/j.renene.2025.122724,high,https://linkinghub.elsevier.com/retrieve/pii/S0960148125003866,200,text/html;charset=UTF-8,,D:\LCZ_pdf_acquisition_handoff_portable_20260514\LCZ_pdf_acquisition_handoff_20260514\fulltext_pages\WOS0100.html,2,https://www.sciencedirect.com/science/article/pii/S0960148125003866/pdfft?isDTMRedir=true&download=true; https://reader.elsevier.com/reader/sd/pii/S0960148125003866?download=true,no_pdf_downloaded,,"https://www.sciencedirect.com/science/article/pii/S0960148125003866/pdfft?isDTMRedir=true&download=true: HTTPError: HTTP Error 403: Forbidden | https://reader.elsevier.com/reader/sd/pii/S0960148125003866?download=true: URLError(SSLError(1, '[SSL: SSLV3_ALERT_HANDSHAKE_FAILURE] sslv3 alert handshake failure (_ssl.c:1006)'))"
WOS0101,Exploring the effects of urban morphology and its spatial heterogeneity on LST: a quantitative analysis of seasonal and diurnal variations,10.1080/13467581.2026.2639787,medium,https://www.tandfonline.com/doi/full/10.1080/13467581.2026.2639787,403,text/html; charset=UTF-8,HTTPError: HTTP Error 403: Forbidden,D:\LCZ_pdf_acquisition_handoff_portable_20260514\LCZ_pdf_acquisition_handoff_20260514\fulltext_pages\WOS0101.html,1,https://www.tandfonline.com/doi/pdf/10.1080/13467581.2026.2639787?download=true,no_pdf_downloaded,,https://www.tandfonline.com/doi/pdf/10.1080/13467581.2026.2639787?download=true: HTTPError: HTTP Error 403: Forbidden
WOS0102,Urban heat island phenomenon in Istanbul: A comprehensive analysis of land use/land cover and local climate zone effect,10.1177/1420326X241244724,medium,https://sage.cnpereading.com/doi/10.1177/1420326X241244724,200,text/html; charset=utf-8,,D:\LCZ_pdf_acquisition_handoff_portable_20260514\LCZ_pdf_acquisition_handoff_20260514\fulltext_pages\WOS0102.html,8,https://www.cityoflondon.gov.uk/assets/Services-Environment/climate-action-strategy-2020-2027-20-10-20.pdf; https://www.un.org/management/sites/www.un.org.management/files/united-nations-secretariat-climate-action-plan.pdf; https://www.gov.ie/pdf/?file=https://assets.gov.ie/256997/b5da0446-8d81-4fb5-991e-65dd807bb257.pdf#page=null; https://webdosya.csb.gov.tr/db/iklim/editordosya/iklim_degisikligi_eylem_plani_EN_2014.pdf; https://vizyon2050.istanbul/upload/content/vizyon2050_strateji_belgesi_120623comp2_2023612_1352369.pdf; https://cevre.ibb.istanbul/wp-content/uploads/2022/05/Final_Raporu.pdf; https://cevre.ibb.istanbul/wp-content/uploads/2022/09/istanbul-iklim-degisikligi-eylem-plani.pdf; https://www.mgm.gov.tr/FILES/resmi-istatistikler/denizSuyu/Karadeniz-Deniz-Suyu-Sicakligi-Analizi-2022.pdf,downloaded,D:\LCZ_pdf_acquisition_handoff_portable_20260514\LCZ_pdf_acquisition_handoff_20260514\fulltext_pdfs\WOS0102_10.1177_1420326X241244724.pdf,
WOS0103,Cooling benefits of Urban agriculture to inhabitants-mapping cooling potential of allotments in European functional urban areas,10.1016/j.jenvman.2025.128275,high,https://linkinghub.elsevier.com/retrieve/pii/S0301479725042513,200,text/html;charset=UTF-8,,D:\LCZ_pdf_acquisition_handoff_portable_20260514\LCZ_pdf_acquisition_handoff_20260514\fulltext_pages\WOS0103.html,2,https://www.sciencedirect.com/science/article/pii/S0301479725042513/pdfft?isDTMRedir=true&download=true; https://reader.elsevier.com/reader/sd/pii/S0301479725042513?download=true,no_pdf_downloaded,,"https://www.sciencedirect.com/science/article/pii/S0301479725042513/pdfft?isDTMRedir=true&download=true: HTTPError: HTTP Error 403: Forbidden | https://reader.elsevier.com/reader/sd/pii/S0301479725042513?download=true: URLError(SSLError(1, '[SSL: SSLV3_ALERT_HANDSHAKE_FAILURE] sslv3 alert handshake failure (_ssl.c:1006)'))"
WOS0104,Where to place? Strategic siting of urban climate monitoring stations using Local Climate Zones and city-scale PALM modeling,10.1016/j.uclim.2026.102782,high,https://linkinghub.elsevier.com/retrieve/pii/S2212095526000131,200,text/html;charset=UTF-8,,D:\LCZ_pdf_acquisition_handoff_portable_20260514\LCZ_pdf_acquisition_handoff_20260514\fulltext_pages\WOS0104.html,2,https://www.sciencedirect.com/science/article/pii/S2212095526000131/pdfft?isDTMRedir=true&download=true; https://reader.elsevier.com/reader/sd/pii/S2212095526000131?download=true,no_pdf_downloaded,,"https://www.sciencedirect.com/science/article/pii/S2212095526000131/pdfft?isDTMRedir=true&download=true: HTTPError: HTTP Error 403: Forbidden | https://reader.elsevier.com/reader/sd/pii/S2212095526000131?download=true: URLError(SSLError(1, '[SSL: SSLV3_ALERT_HANDSHAKE_FAILURE] sslv3 alert handshake failure (_ssl.c:1006)'))"
WOS0105,Mapping the Time-Series of Essential Urban Land Use Categories in China: A Multi-Source Data Integration Approach,10.3390/rs16173125,high,https://www.mdpi.com/2072-4292/16/17/3125,403,text/html,HTTPError: HTTP Error 403: Forbidden,D:\LCZ_pdf_acquisition_handoff_portable_20260514\LCZ_pdf_acquisition_handoff_20260514\fulltext_pages\WOS0105.html,1,https://www.mdpi.com/2072-4292/16/17/3125/pdf,no_pdf_downloaded,,https://www.mdpi.com/2072-4292/16/17/3125/pdf: HTTPError: HTTP Error 403: Forbidden
WOS0106,Assessment of urban physical features on summer thermal perceptions using the local climate zone classification,10.1016/j.buildenv.2023.110265,high,https://linkinghub.elsevier.com/retrieve/pii/S0360132323002925,200,text/html;charset=UTF-8,,D:\LCZ_pdf_acquisition_handoff_portable_20260514\LCZ_pdf_acquisition_handoff_20260514\fulltext_pages\WOS0106.html,2,https://www.sciencedirect.com/science/article/pii/S0360132323002925/pdfft?isDTMRedir=true&download=true; https://reader.elsevier.com/reader/sd/pii/S0360132323002925?download=true,no_pdf_downloaded,,"https://www.sciencedirect.com/science/article/pii/S0360132323002925/pdfft?isDTMRedir=true&download=true: HTTPError: HTTP Error 403: Forbidden | https://reader.elsevier.com/reader/sd/pii/S0360132323002925?download=true: URLError(SSLError(1, '[SSL: SSLV3_ALERT_HANDSHAKE_FAILURE] sslv3 alert handshake failure (_ssl.c:1006)'))"
WOS0107,"The relationship between spatial patterns of urban land uses and air pollutants in the Tehran metropolis, Iran",10.1007/s10980-022-01549-y,high,https://link.springer.com/article/10.1007/s10980-022-01549-y?error=cookies_not_supported&code=26f7039d-08bd-4e8b-bf84-912ef6ec481a,200,text/html; charset=utf-8,,D:\LCZ_pdf_acquisition_handoff_portable_20260514\LCZ_pdf_acquisition_handoff_20260514\fulltext_pages\WOS0107.html,1,https://link.springer.com/content/pdf/10.1007/s10980-022-01549-y.pdf,downloaded,D:\LCZ_pdf_acquisition_handoff_portable_20260514\LCZ_pdf_acquisition_handoff_20260514\fulltext_pdfs\WOS0107_10.1007_s10980-022-01549-y.pdf,
WOS0108,Synergistic impacts of 2D/3D grey-green spatial morphology on land surface temperature across local climate zones in the Guangdong-Hong Kong-Macao Greater Bay Area,10.1016/j.scs.2026.107231,medium,https://linkinghub.elsevier.com/retrieve/pii/S2210670726001186,200,text/html;charset=UTF-8,,D:\LCZ_pdf_acquisition_handoff_portable_20260514\LCZ_pdf_acquisition_handoff_20260514\fulltext_pages\WOS0108.html,2,https://www.sciencedirect.com/science/article/pii/S2210670726001186/pdfft?isDTMRedir=true&download=true; https://reader.elsevier.com/reader/sd/pii/S2210670726001186?download=true,no_pdf_downloaded,,"https://www.sciencedirect.com/science/article/pii/S2210670726001186/pdfft?isDTMRedir=true&download=true: HTTPError: HTTP Error 403: Forbidden | https://reader.elsevier.com/reader/sd/pii/S2210670726001186?download=true: URLError(SSLError(1, '[SSL: SSLV3_ALERT_HANDSHAKE_FAILURE] sslv3 alert handshake failure (_ssl.c:1006)'))"
WOS0109,Heat vulnerability assessment and analysis of driving mechanisms in a megacity based on local climate zones: a street-level case study of Chengdu,10.1016/j.scs.2025.106965,medium,https://linkinghub.elsevier.com/retrieve/pii/S2210670725008364,200,text/html;charset=UTF-8,,D:\LCZ_pdf_acquisition_handoff_portable_20260514\LCZ_pdf_acquisition_handoff_20260514\fulltext_pages\WOS0109.html,2,https://www.sciencedirect.com/science/article/pii/S2210670725008364/pdfft?isDTMRedir=true&download=true; https://reader.elsevier.com/reader/sd/pii/S2210670725008364?download=true,no_pdf_downloaded,,"https://www.sciencedirect.com/science/article/pii/S2210670725008364/pdfft?isDTMRedir=true&download=true: HTTPError: HTTP Error 403: Forbidden | https://reader.elsevier.com/reader/sd/pii/S2210670725008364?download=true: URLError(SSLError(1, '[SSL: SSLV3_ALERT_HANDSHAKE_FAILURE] sslv3 alert handshake failure (_ssl.c:1006)'))"
WOS0111,Cooling effects of wetland parks in hot and humid areas based on remote sensing images and local climate zone scheme,10.1016/j.buildenv.2023.110660,high,https://linkinghub.elsevier.com/retrieve/pii/S036013232300687X,200,text/html;charset=UTF-8,,D:\LCZ_pdf_acquisition_handoff_portable_20260514\LCZ_pdf_acquisition_handoff_20260514\fulltext_pages\WOS0111.html,2,https://www.sciencedirect.com/science/article/pii/S036013232300687X/pdfft?isDTMRedir=true&download=true; https://reader.elsevier.com/reader/sd/pii/S036013232300687X?download=true,no_pdf_downloaded,,"https://www.sciencedirect.com/science/article/pii/S036013232300687X/pdfft?isDTMRedir=true&download=true: HTTPError: HTTP Error 403: Forbidden | https://reader.elsevier.com/reader/sd/pii/S036013232300687X?download=true: URLError(SSLError(1, '[SSL: SSLV3_ALERT_HANDSHAKE_FAILURE] sslv3 alert handshake failure (_ssl.c:1006)'))"
WOS0112,Urban Spatial Patterns and Heat Exposure in the Mediterranean City of Tel Aviv,10.3390/atmos11090963,high,https://www.mdpi.com/2073-4433/11/9/963,403,text/html,HTTPError: HTTP Error 403: Forbidden,D:\LCZ_pdf_acquisition_handoff_portable_20260514\LCZ_pdf_acquisition_handoff_20260514\fulltext_pages\WOS0112.html,1,https://www.mdpi.com/2073-4433/11/9/963/pdf,no_pdf_downloaded,,https://www.mdpi.com/2073-4433/11/9/963/pdf: HTTPError: HTTP Error 403: Forbidden
WOS0113,Local climate zones in five southern European cities: An improved GIS-based classification method based on Copernicus data,10.1016/j.uclim.2020.100631,high,https://linkinghub.elsevier.com/retrieve/pii/S2212095519301919,200,text/html;charset=UTF-8,,D:\LCZ_pdf_acquisition_handoff_portable_20260514\LCZ_pdf_acquisition_handoff_20260514\fulltext_pages\WOS0113.html,2,https://www.sciencedirect.com/science/article/pii/S2212095519301919/pdfft?isDTMRedir=true&download=true; https://reader.elsevier.com/reader/sd/pii/S2212095519301919?download=true,no_pdf_downloaded,,"https://www.sciencedirect.com/science/article/pii/S2212095519301919/pdfft?isDTMRedir=true&download=true: HTTPError: HTTP Error 403: Forbidden | https://reader.elsevier.com/reader/sd/pii/S2212095519301919?download=true: URLError(SSLError(1, '[SSL: SSLV3_ALERT_HANDSHAKE_FAILURE] sslv3 alert handshake failure (_ssl.c:1006)'))"
WOS0114,Local Climate Zone (LCZ) Map Accuracy Assessments Should Account for Land Cover Physical Characteristics that Affect the Local Thermal Environment,10.3390/rs11202420,high,https://www.mdpi.com/2072-4292/11/20/2420,403,text/html,HTTPError: HTTP Error 403: Forbidden,D:\LCZ_pdf_acquisition_handoff_portable_20260514\LCZ_pdf_acquisition_handoff_20260514\fulltext_pages\WOS0114.html,1,https://www.mdpi.com/2072-4292/11/20/2420/pdf,no_pdf_downloaded,,https://www.mdpi.com/2072-4292/11/20/2420/pdf: HTTPError: HTTP Error 403: Forbidden
WOS0115,Applications of Local Climate Zone Classification Scheme to Improve Urban Sustainability: A Bibliometric Review,10.3390/su12198083,high,https://www.mdpi.com/2071-1050/12/19/8083,403,text/html,HTTPError: HTTP Error 403: Forbidden,D:\LCZ_pdf_acquisition_handoff_portable_20260514\LCZ_pdf_acquisition_handoff_20260514\fulltext_pages\WOS0115.html,1,https://www.mdpi.com/2071-1050/12/19/8083/pdf,no_pdf_downloaded,,https://www.mdpi.com/2071-1050/12/19/8083/pdf: HTTPError: HTTP Error 403: Forbidden
WOS0116,"Measuring Urban Land Cover Influence on Air Temperature through Multiple Geo-Data-The Case of Milan, Italy",10.3390/ijgi7110421,high,https://www.mdpi.com/2220-9964/7/11/421,403,text/html,HTTPError: HTTP Error 403: Forbidden,D:\LCZ_pdf_acquisition_handoff_portable_20260514\LCZ_pdf_acquisition_handoff_20260514\fulltext_pages\WOS0116.html,1,https://www.mdpi.com/2220-9964/7/11/421/pdf,no_pdf_downloaded,,https://www.mdpi.com/2220-9964/7/11/421/pdf: HTTPError: HTTP Error 403: Forbidden
WOS0118,Assessment of the impact of urban block morphological factors on carbon emissions introducing the different context of local climate zones,10.1016/j.scs.2024.106073,high,https://linkinghub.elsevier.com/retrieve/pii/S2210670724008953,200,text/html;charset=UTF-8,,D:\LCZ_pdf_acquisition_handoff_portable_20260514\LCZ_pdf_acquisition_handoff_20260514\fulltext_pages\WOS0118.html,2,https://www.sciencedirect.com/science/article/pii/S2210670724008953/pdfft?isDTMRedir=true&download=true; https://reader.elsevier.com/reader/sd/pii/S2210670724008953?download=true,no_pdf_downloaded,,"https://www.sciencedirect.com/science/article/pii/S2210670724008953/pdfft?isDTMRedir=true&download=true: HTTPError: HTTP Error 403: Forbidden | https://reader.elsevier.com/reader/sd/pii/S2210670724008953?download=true: URLError(SSLError(1, '[SSL: SSLV3_ALERT_HANDSHAKE_FAILURE] sslv3 alert handshake failure (_ssl.c:1006)'))"
WOS0119,Understanding land surface temperature impact factors based on local climate zones,10.1016/j.scs.2021.102818,medium,https://linkinghub.elsevier.com/retrieve/pii/S2210670721001098,200,text/html;charset=UTF-8,,D:\LCZ_pdf_acquisition_handoff_portable_20260514\LCZ_pdf_acquisition_handoff_20260514\fulltext_pages\WOS0119.html,2,https://www.sciencedirect.com/science/article/pii/S2210670721001098/pdfft?isDTMRedir=true&download=true; https://reader.elsevier.com/reader/sd/pii/S2210670721001098?download=true,no_pdf_downloaded,,"https://www.sciencedirect.com/science/article/pii/S2210670721001098/pdfft?isDTMRedir=true&download=true: HTTPError: HTTP Error 403: Forbidden | https://reader.elsevier.com/reader/sd/pii/S2210670721001098?download=true: URLError(SSLError(1, '[SSL: SSLV3_ALERT_HANDSHAKE_FAILURE] sslv3 alert handshake failure (_ssl.c:1006)'))"
WOS0120,Impact of Urban Canopy Parameters on a Megacity's Modelled Thermal Environment,10.3390/atmos11121349,high,https://www.mdpi.com/2073-4433/11/12/1349,403,text/html,HTTPError: HTTP Error 403: Forbidden,D:\LCZ_pdf_acquisition_handoff_portable_20260514\LCZ_pdf_acquisition_handoff_20260514\fulltext_pages\WOS0120.html,1,https://www.mdpi.com/2073-4433/11/12/1349/pdf,no_pdf_downloaded,,https://www.mdpi.com/2073-4433/11/12/1349/pdf: HTTPError: HTTP Error 403: Forbidden
WOS0121,Seasonal surface urban heat island analysis based on local climate zones,10.1016/j.ecolind.2024.111669,medium,https://linkinghub.elsevier.com/retrieve/pii/S1470160X24001262,200,text/html;charset=UTF-8,,D:\LCZ_pdf_acquisition_handoff_portable_20260514\LCZ_pdf_acquisition_handoff_20260514\fulltext_pages\WOS0121.html,2,https://www.sciencedirect.com/science/article/pii/S1470160X24001262/pdfft?isDTMRedir=true&download=true; https://reader.elsevier.com/reader/sd/pii/S1470160X24001262?download=true,no_pdf_downloaded,,"https://www.sciencedirect.com/science/article/pii/S1470160X24001262/pdfft?isDTMRedir=true&download=true: HTTPError: HTTP Error 403: Forbidden | https://reader.elsevier.com/reader/sd/pii/S1470160X24001262?download=true: URLError(SSLError(1, '[SSL: SSLV3_ALERT_HANDSHAKE_FAILURE] sslv3 alert handshake failure (_ssl.c:1006)'))"
WOS0122,Seasonal Variations of the Relationship between Spectral Indexes and Land Surface Temperature Based on Local Climate Zones: A Study in Three Yangtze River Megacities,10.3390/rs15040870,medium,https://www.mdpi.com/2072-4292/15/4/870,403,text/html,HTTPError: HTTP Error 403: Forbidden,D:\LCZ_pdf_acquisition_handoff_portable_20260514\LCZ_pdf_acquisition_handoff_20260514\fulltext_pages\WOS0122.html,1,https://www.mdpi.com/2072-4292/15/4/870/pdf,no_pdf_downloaded,,https://www.mdpi.com/2072-4292/15/4/870/pdf: HTTPError: HTTP Error 403: Forbidden
WOS0124,Local Climate Zone Mapping Using Multi-Source Free Available Datasets on Google Earth Engine Platform,10.3390/land10050454,high,https://www.mdpi.com/2073-445X/10/5/454,403,text/html,HTTPError: HTTP Error 403: Forbidden,D:\LCZ_pdf_acquisition_handoff_portable_20260514\LCZ_pdf_acquisition_handoff_20260514\fulltext_pages\WOS0124.html,1,https://www.mdpi.com/2073-445X/10/5/454/pdf,no_pdf_downloaded,,https://www.mdpi.com/2073-445X/10/5/454/pdf: HTTPError: HTTP Error 403: Forbidden
WOS0125,The urban morphology on our planet-Global perspectives from space,10.1016/j.rse.2021.112794,high,https://linkinghub.elsevier.com/retrieve/pii/S0034425721005149,200,text/html;charset=UTF-8,,D:\LCZ_pdf_acquisition_handoff_portable_20260514\LCZ_pdf_acquisition_handoff_20260514\fulltext_pages\WOS0125.html,2,https://www.sciencedirect.com/science/article/pii/S0034425721005149/pdfft?isDTMRedir=true&download=true; https://reader.elsevier.com/reader/sd/pii/S0034425721005149?download=true,no_pdf_downloaded,,"https://www.sciencedirect.com/science/article/pii/S0034425721005149/pdfft?isDTMRedir=true&download=true: HTTPError: HTTP Error 403: Forbidden | https://reader.elsevier.com/reader/sd/pii/S0034425721005149?download=true: URLError(SSLError(1, '[SSL: SSLV3_ALERT_HANDSHAKE_FAILURE] sslv3 alert handshake failure (_ssl.c:1006)'))"
WOS0126,Mapping Local Climate Zones in Lausanne (Switzerland) with Sentinel-2 and PRISMA imagery: comparison of classification performance using different band combinations and building height data,10.1080/17538947.2023.2283485,high,https://www.tandfonline.com/doi/full/10.1080/17538947.2023.2283485,403,text/html; charset=UTF-8,HTTPError: HTTP Error 403: Forbidden,D:\LCZ_pdf_acquisition_handoff_portable_20260514\LCZ_pdf_acquisition_handoff_20260514\fulltext_pages\WOS0126.html,1,https://www.tandfonline.com/doi/pdf/10.1080/17538947.2023.2283485?download=true,no_pdf_downloaded,,https://www.tandfonline.com/doi/pdf/10.1080/17538947.2023.2283485?download=true: HTTPError: HTTP Error 403: Forbidden
WOS0127,"Modeling of Daytime and Nighttime Surface Urban Heat Island Distribution Combined with LCZ in Beijing, China",10.3390/land11112050,high,https://www.mdpi.com/2073-445X/11/11/2050,403,text/html,HTTPError: HTTP Error 403: Forbidden,D:\LCZ_pdf_acquisition_handoff_portable_20260514\LCZ_pdf_acquisition_handoff_20260514\fulltext_pages\WOS0127.html,1,https://www.mdpi.com/2073-445X/11/11/2050/pdf,no_pdf_downloaded,,https://www.mdpi.com/2073-445X/11/11/2050/pdf: HTTPError: HTTP Error 403: Forbidden
WOS0128,Cooling Effects of Roof Greening Based on Local Climate Zone Framework and Geographic Detector Analysis,10.1007/s12061-025-09748-1,medium,https://link.springer.com/article/10.1007/s12061-025-09748-1?error=cookies_not_supported&code=6c7882da-1996-45ae-85d2-0f2959899f48,200,text/html; charset=utf-8,,D:\LCZ_pdf_acquisition_handoff_portable_20260514\LCZ_pdf_acquisition_handoff_20260514\fulltext_pages\WOS0128.html,1,https://link.springer.com/content/pdf/10.1007/s12061-025-09748-1.pdf,downloaded,D:\LCZ_pdf_acquisition_handoff_portable_20260514\LCZ_pdf_acquisition_handoff_20260514\fulltext_pdfs\WOS0128_10.1007_s12061-025-09748-1.pdf,
WOS0129,Customized cooling design scheme for diversified local climate zones to accommodate urban spatial heterogeneity,10.1016/j.buildenv.2025.113397,high,https://linkinghub.elsevier.com/retrieve/pii/S036013232500873X,200,text/html;charset=UTF-8,,D:\LCZ_pdf_acquisition_handoff_portable_20260514\LCZ_pdf_acquisition_handoff_20260514\fulltext_pages\WOS0129.html,2,https://www.sciencedirect.com/science/article/pii/S036013232500873X/pdfft?isDTMRedir=true&download=true; https://reader.elsevier.com/reader/sd/pii/S036013232500873X?download=true,no_pdf_downloaded,,"https://www.sciencedirect.com/science/article/pii/S036013232500873X/pdfft?isDTMRedir=true&download=true: HTTPError: HTTP Error 403: Forbidden | https://reader.elsevier.com/reader/sd/pii/S036013232500873X?download=true: URLError(SSLError(1, '[SSL: SSLV3_ALERT_HANDSHAKE_FAILURE] sslv3 alert handshake failure (_ssl.c:1006)'))"
WOS0130,Heat vulnerability index mapping through principal component analysis and equal weight methods: comparing Spatial patterns at a low urban scale and local climate zones in an arid mid-size South American coastal city,10.1007/s11069-025-07326-9,high,https://link.springer.com/article/10.1007/s11069-025-07326-9?error=cookies_not_supported&code=aa9a7adc-7c07-4004-9015-459d4254b760,200,text/html; charset=utf-8,,D:\LCZ_pdf_acquisition_handoff_portable_20260514\LCZ_pdf_acquisition_handoff_20260514\fulltext_pages\WOS0130.html,1,https://link.springer.com/content/pdf/10.1007/s11069-025-07326-9.pdf,downloaded,D:\LCZ_pdf_acquisition_handoff_portable_20260514\LCZ_pdf_acquisition_handoff_20260514\fulltext_pdfs\WOS0130_10.1007_s11069-025-07326-9.pdf,
WOS0131,Mapping carbon emissions and exploring its spatiotemporal dynamic based on local climate zones and landscape ecology theory across Beijing-Tianjin-Hebei,10.1016/j.scs.2025.106393,high,https://linkinghub.elsevier.com/retrieve/pii/S2210670725002690,200,text/html;charset=UTF-8,,D:\LCZ_pdf_acquisition_handoff_portable_20260514\LCZ_pdf_acquisition_handoff_20260514\fulltext_pages\WOS0131.html,2,https://www.sciencedirect.com/science/article/pii/S2210670725002690/pdfft?isDTMRedir=true&download=true; https://reader.elsevier.com/reader/sd/pii/S2210670725002690?download=true,no_pdf_downloaded,,"https://www.sciencedirect.com/science/article/pii/S2210670725002690/pdfft?isDTMRedir=true&download=true: HTTPError: HTTP Error 403: Forbidden | https://reader.elsevier.com/reader/sd/pii/S2210670725002690?download=true: URLError(SSLError(1, '[SSL: SSLV3_ALERT_HANDSHAKE_FAILURE] sslv3 alert handshake failure (_ssl.c:1006)'))"
WOS0132,Do Different Urban Morphologies Have Consistent Patterns on Urban Heat Islands in Different Cities and Scales? A Local Climate Zone Exploration,10.1109/JSTARS.2024.3517837,high,https://ieeexplore.ieee.org/document/10801226/,200,text/html;charset=UTF-8,,D:\LCZ_pdf_acquisition_handoff_portable_20260514\LCZ_pdf_acquisition_handoff_20260514\fulltext_pages\WOS0132.html,0,,no_pdf_candidate,,
WOS0133,Impact of urban form and design on mid-afternoon microclimate in Phoenix Local Climate Zones,10.1016/j.landurbplan.2013.11.004,high,https://linkinghub.elsevier.com/retrieve/pii/S0169204613002120,200,text/html;charset=UTF-8,,D:\LCZ_pdf_acquisition_handoff_portable_20260514\LCZ_pdf_acquisition_handoff_20260514\fulltext_pages\WOS0133.html,2,https://www.sciencedirect.com/science/article/pii/S0169204613002120/pdfft?isDTMRedir=true&download=true; https://reader.elsevier.com/reader/sd/pii/S0169204613002120?download=true,no_pdf_downloaded,,"https://www.sciencedirect.com/science/article/pii/S0169204613002120/pdfft?isDTMRedir=true&download=true: HTTPError: HTTP Error 403: Forbidden | https://reader.elsevier.com/reader/sd/pii/S0169204613002120?download=true: URLError(SSLError(1, '[SSL: SSLV3_ALERT_HANDSHAKE_FAILURE] sslv3 alert handshake failure (_ssl.c:1006)'))"
WOS0134,Thermal environment mechanism across intra local climate zones in summer in a northern city in China: A case study of Shenyang,10.1016/j.scs.2025.107094,medium,https://linkinghub.elsevier.com/retrieve/pii/S2210670725009643,200,text/html;charset=UTF-8,,D:\LCZ_pdf_acquisition_handoff_portable_20260514\LCZ_pdf_acquisition_handoff_20260514\fulltext_pages\WOS0134.html,2,https://www.sciencedirect.com/science/article/pii/S2210670725009643/pdfft?isDTMRedir=true&download=true; https://reader.elsevier.com/reader/sd/pii/S2210670725009643?download=true,no_pdf_downloaded,,"https://www.sciencedirect.com/science/article/pii/S2210670725009643/pdfft?isDTMRedir=true&download=true: HTTPError: HTTP Error 403: Forbidden | https://reader.elsevier.com/reader/sd/pii/S2210670725009643?download=true: URLError(SSLError(1, '[SSL: SSLV3_ALERT_HANDSHAKE_FAILURE] sslv3 alert handshake failure (_ssl.c:1006)'))"
WOS0135,"Mapping the Spatial and Seasonal Details of Heat Health Risks in Different Local Climate Zones: A Case Study of Shanghai, China",10.3390/rs16183513,high,https://www.mdpi.com/2072-4292/16/18/3513,403,text/html,HTTPError: HTTP Error 403: Forbidden,D:\LCZ_pdf_acquisition_handoff_portable_20260514\LCZ_pdf_acquisition_handoff_20260514\fulltext_pages\WOS0135.html,1,https://www.mdpi.com/2072-4292/16/18/3513/pdf,no_pdf_downloaded,,https://www.mdpi.com/2072-4292/16/18/3513/pdf: HTTPError: HTTP Error 403: Forbidden
WOS0136,Study on the contributions of 2D and 3D urban morphologies to the thermal environment under local climate zones,10.1016/j.buildenv.2024.111883,high,https://linkinghub.elsevier.com/retrieve/pii/S036013232400725X,200,text/html;charset=UTF-8,,D:\LCZ_pdf_acquisition_handoff_portable_20260514\LCZ_pdf_acquisition_handoff_20260514\fulltext_pages\WOS0136.html,2,https://www.sciencedirect.com/science/article/pii/S036013232400725X/pdfft?isDTMRedir=true&download=true; https://reader.elsevier.com/reader/sd/pii/S036013232400725X?download=true,no_pdf_downloaded,,"https://www.sciencedirect.com/science/article/pii/S036013232400725X/pdfft?isDTMRedir=true&download=true: HTTPError: HTTP Error 403: Forbidden | https://reader.elsevier.com/reader/sd/pii/S036013232400725X?download=true: URLError(SSLError(1, '[SSL: SSLV3_ALERT_HANDSHAKE_FAILURE] sslv3 alert handshake failure (_ssl.c:1006)'))"
WOS0137,Automatic responsive-generation of 3D urban morphology coupled with local climate zones using generative adversarial network,10.1016/j.buildenv.2023.110855,high,https://linkinghub.elsevier.com/retrieve/pii/S036013232300882X,200,text/html;charset=UTF-8,,D:\LCZ_pdf_acquisition_handoff_portable_20260514\LCZ_pdf_acquisition_handoff_20260514\fulltext_pages\WOS0137.html,2,https://www.sciencedirect.com/science/article/pii/S036013232300882X/pdfft?isDTMRedir=true&download=true; https://reader.elsevier.com/reader/sd/pii/S036013232300882X?download=true,no_pdf_downloaded,,"https://www.sciencedirect.com/science/article/pii/S036013232300882X/pdfft?isDTMRedir=true&download=true: HTTPError: HTTP Error 403: Forbidden | https://reader.elsevier.com/reader/sd/pii/S036013232300882X?download=true: URLError(SSLError(1, '[SSL: SSLV3_ALERT_HANDSHAKE_FAILURE] sslv3 alert handshake failure (_ssl.c:1006)'))"
WOS0138,Spatial and temporal characteristics of nighttime UHII based on local climate zone scheme using mobile measurement-A case study of Changsha,10.1016/j.buildenv.2022.109869,high,https://linkinghub.elsevier.com/retrieve/pii/S036013232201099X,200,text/html;charset=UTF-8,,D:\LCZ_pdf_acquisition_handoff_portable_20260514\LCZ_pdf_acquisition_handoff_20260514\fulltext_pages\WOS0138.html,2,https://www.sciencedirect.com/science/article/pii/S036013232201099X/pdfft?isDTMRedir=true&download=true; https://reader.elsevier.com/reader/sd/pii/S036013232201099X?download=true,no_pdf_downloaded,,"https://www.sciencedirect.com/science/article/pii/S036013232201099X/pdfft?isDTMRedir=true&download=true: HTTPError: HTTP Error 403: Forbidden | https://reader.elsevier.com/reader/sd/pii/S036013232201099X?download=true: URLError(SSLError(1, '[SSL: SSLV3_ALERT_HANDSHAKE_FAILURE] sslv3 alert handshake failure (_ssl.c:1006)'))"
WOS0139,Towards large-scale mapping of local climate zones using multitemporal Sentinel 2 data and convolutional neural networks,10.1016/j.rse.2019.111472,high,https://linkinghub.elsevier.com/retrieve/pii/S0034425719304912,200,text/html;charset=UTF-8,,D:\LCZ_pdf_acquisition_handoff_portable_20260514\LCZ_pdf_acquisition_handoff_20260514\fulltext_pages\WOS0139.html,2,https://www.sciencedirect.com/science/article/pii/S0034425719304912/pdfft?isDTMRedir=true&download=true; https://reader.elsevier.com/reader/sd/pii/S0034425719304912?download=true,no_pdf_downloaded,,"https://www.sciencedirect.com/science/article/pii/S0034425719304912/pdfft?isDTMRedir=true&download=true: HTTPError: HTTP Error 403: Forbidden | https://reader.elsevier.com/reader/sd/pii/S0034425719304912?download=true: URLError(SSLError(1, '[SSL: SSLV3_ALERT_HANDSHAKE_FAILURE] sslv3 alert handshake failure (_ssl.c:1006)'))"
WOS0140,Restricted Label-Based Self-Supervised Learning Using SAR and Multispectral Imagery for Local Climate Zone Classification,10.3390/rs17081335,high,https://www.mdpi.com/2072-4292/17/8/1335,403,text/html,HTTPError: HTTP Error 403: Forbidden,D:\LCZ_pdf_acquisition_handoff_portable_20260514\LCZ_pdf_acquisition_handoff_20260514\fulltext_pages\WOS0140.html,1,https://www.mdpi.com/2072-4292/17/8/1335/pdf,no_pdf_downloaded,,https://www.mdpi.com/2072-4292/17/8/1335/pdf: HTTPError: HTTP Error 403: Forbidden
WOS0141,Urban structure and its implication of heat stress by using remote sensing and simulation tool,10.1016/j.scs.2020.102632,high,https://linkinghub.elsevier.com/retrieve/pii/S2210670720308490,200,text/html;charset=UTF-8,,D:\LCZ_pdf_acquisition_handoff_portable_20260514\LCZ_pdf_acquisition_handoff_20260514\fulltext_pages\WOS0141.html,2,https://www.sciencedirect.com/science/article/pii/S2210670720308490/pdfft?isDTMRedir=true&download=true; https://reader.elsevier.com/reader/sd/pii/S2210670720308490?download=true,no_pdf_downloaded,,"https://www.sciencedirect.com/science/article/pii/S2210670720308490/pdfft?isDTMRedir=true&download=true: HTTPError: HTTP Error 403: Forbidden | https://reader.elsevier.com/reader/sd/pii/S2210670720308490?download=true: URLError(SSLError(1, '[SSL: SSLV3_ALERT_HANDSHAKE_FAILURE] sslv3 alert handshake failure (_ssl.c:1006)'))"
WOS0142,Effective Factors for Reducing Land Surface Temperature in Each Local Climate Zone Built Type in Tokyo and Shanghai,10.3390/rs15153840,medium,https://www.mdpi.com/2072-4292/15/15/3840,403,text/html,HTTPError: HTTP Error 403: Forbidden,D:\LCZ_pdf_acquisition_handoff_portable_20260514\LCZ_pdf_acquisition_handoff_20260514\fulltext_pages\WOS0142.html,1,https://www.mdpi.com/2072-4292/15/15/3840/pdf,no_pdf_downloaded,,https://www.mdpi.com/2072-4292/15/15/3840/pdf: HTTPError: HTTP Error 403: Forbidden
WOS0143,Linking land surface temperature and local climate zones in nine Croatian cities,10.1016/j.uclim.2024.101842,high,https://linkinghub.elsevier.com/retrieve/pii/S2212095524000385,200,text/html;charset=UTF-8,,D:\LCZ_pdf_acquisition_handoff_portable_20260514\LCZ_pdf_acquisition_handoff_20260514\fulltext_pages\WOS0143.html,2,https://www.sciencedirect.com/science/article/pii/S2212095524000385/pdfft?isDTMRedir=true&download=true; https://reader.elsevier.com/reader/sd/pii/S2212095524000385?download=true,no_pdf_downloaded,,"https://www.sciencedirect.com/science/article/pii/S2212095524000385/pdfft?isDTMRedir=true&download=true: HTTPError: HTTP Error 403: Forbidden | https://reader.elsevier.com/reader/sd/pii/S2212095524000385?download=true: URLError(SSLError(1, '[SSL: SSLV3_ALERT_HANDSHAKE_FAILURE] sslv3 alert handshake failure (_ssl.c:1006)'))"
WOS0145,A multi-scale mapping approach of local climate zones: A case study in Hong Kong,10.1016/j.uclim.2025.102446,high,https://linkinghub.elsevier.com/retrieve/pii/S2212095525001622,200,text/html;charset=UTF-8,,D:\LCZ_pdf_acquisition_handoff_portable_20260514\LCZ_pdf_acquisition_handoff_20260514\fulltext_pages\WOS0145.html,2,https://www.sciencedirect.com/science/article/pii/S2212095525001622/pdfft?isDTMRedir=true&download=true; https://reader.elsevier.com/reader/sd/pii/S2212095525001622?download=true,no_pdf_downloaded,,"https://www.sciencedirect.com/science/article/pii/S2212095525001622/pdfft?isDTMRedir=true&download=true: HTTPError: HTTP Error 403: Forbidden | https://reader.elsevier.com/reader/sd/pii/S2212095525001622?download=true: URLError(SSLError(1, '[SSL: SSLV3_ALERT_HANDSHAKE_FAILURE] sslv3 alert handshake failure (_ssl.c:1006)'))"
WOS0146,Local temperature impact of urban heat mitigation strategy based on WRF integrating urban canopy parameters and local climate zones,10.1016/j.buildenv.2024.112257,high,https://linkinghub.elsevier.com/retrieve/pii/S0360132324010990,200,text/html;charset=UTF-8,,D:\LCZ_pdf_acquisition_handoff_portable_20260514\LCZ_pdf_acquisition_handoff_20260514\fulltext_pages\WOS0146.html,2,https://www.sciencedirect.com/science/article/pii/S0360132324010990/pdfft?isDTMRedir=true&download=true; https://reader.elsevier.com/reader/sd/pii/S0360132324010990?download=true,no_pdf_downloaded,,"https://www.sciencedirect.com/science/article/pii/S0360132324010990/pdfft?isDTMRedir=true&download=true: HTTPError: HTTP Error 403: Forbidden | https://reader.elsevier.com/reader/sd/pii/S0360132324010990?download=true: URLError(SSLError(1, '[SSL: SSLV3_ALERT_HANDSHAKE_FAILURE] sslv3 alert handshake failure (_ssl.c:1006)'))"
WOS0147,Exploring seasonal diurnal surface temperature variation in cities based on ECOSTRESS data: A local climate zone perspective,10.3389/fpubh.2022.1001344,medium,https://www.frontiersin.org/journals/public-health/articles/10.3389/fpubh.2022.1001344/full,200,text/html;charset=utf-8,,D:\LCZ_pdf_acquisition_handoff_portable_20260514\LCZ_pdf_acquisition_handoff_20260514\fulltext_pages\WOS0147.html,3,https://www.frontiersin.org/journals/public-health/articles/10.3389/fpubh.2022.1001344/pdf; https://population.un.org/wpp/Publications/Files/WPP2019_Highlights.pdf; https://www.frontiersin.org/journals/public-health/articles/10.3389/fpubh.2022.1001344/full/pdf,downloaded,D:\LCZ_pdf_acquisition_handoff_portable_20260514\LCZ_pdf_acquisition_handoff_20260514\fulltext_pdfs\WOS0147_10.3389_fpubh.2022.1001344.pdf,
WOS0148,Dynamic Changes of Local Climate Zones in the Guangdong-Hong Kong-Macao Greater Bay Area and Their Spatio-Temporal Impacts on the Surface Urban Heat Island Effect between 2005 and 2015,10.3390/su13116374,high,https://www.mdpi.com/2071-1050/13/11/6374,403,text/html,HTTPError: HTTP Error 403: Forbidden,D:\LCZ_pdf_acquisition_handoff_portable_20260514\LCZ_pdf_acquisition_handoff_20260514\fulltext_pages\WOS0148.html,1,https://www.mdpi.com/2071-1050/13/11/6374/pdf,no_pdf_downloaded,,https://www.mdpi.com/2071-1050/13/11/6374/pdf: HTTPError: HTTP Error 403: Forbidden
WOS0149,Developing Comprehensive Local Climate Zone Land Use Datasets for Advanced High-Resolution Urban Climate and Environmental Modeling,10.3390/rs15123111,high,https://www.mdpi.com/2072-4292/15/12/3111,403,text/html,HTTPError: HTTP Error 403: Forbidden,D:\LCZ_pdf_acquisition_handoff_portable_20260514\LCZ_pdf_acquisition_handoff_20260514\fulltext_pages\WOS0149.html,1,https://www.mdpi.com/2072-4292/15/12/3111/pdf,no_pdf_downloaded,,https://www.mdpi.com/2072-4292/15/12/3111/pdf: HTTPError: HTTP Error 403: Forbidden
WOS0150,"The urban morphology classification under local climate zone scheme based on the improved method - A case study of Changsha, China",10.1016/j.uclim.2022.101271,high,https://linkinghub.elsevier.com/retrieve/pii/S2212095522001894,200,text/html;charset=UTF-8,,D:\LCZ_pdf_acquisition_handoff_portable_20260514\LCZ_pdf_acquisition_handoff_20260514\fulltext_pages\WOS0150.html,2,https://www.sciencedirect.com/science/article/pii/S2212095522001894/pdfft?isDTMRedir=true&download=true; https://reader.elsevier.com/reader/sd/pii/S2212095522001894?download=true,no_pdf_downloaded,,"https://www.sciencedirect.com/science/article/pii/S2212095522001894/pdfft?isDTMRedir=true&download=true: HTTPError: HTTP Error 403: Forbidden | https://reader.elsevier.com/reader/sd/pii/S2212095522001894?download=true: URLError(SSLError(1, '[SSL: SSLV3_ALERT_HANDSHAKE_FAILURE] sslv3 alert handshake failure (_ssl.c:1006)'))"
WOS0151,Classifying heterogeneous urban form into local climate zones using supervised learning and greedy clustering incorporating Landsat dataset,10.1016/j.uclim.2023.101770,high,https://linkinghub.elsevier.com/retrieve/pii/S2212095523003644,200,text/html;charset=UTF-8,,D:\LCZ_pdf_acquisition_handoff_portable_20260514\LCZ_pdf_acquisition_handoff_20260514\fulltext_pages\WOS0151.html,2,https://www.sciencedirect.com/science/article/pii/S2212095523003644/pdfft?isDTMRedir=true&download=true; https://reader.elsevier.com/reader/sd/pii/S2212095523003644?download=true,no_pdf_downloaded,,"https://www.sciencedirect.com/science/article/pii/S2212095523003644/pdfft?isDTMRedir=true&download=true: HTTPError: HTTP Error 403: Forbidden | https://reader.elsevier.com/reader/sd/pii/S2212095523003644?download=true: URLError(SSLError(1, '[SSL: SSLV3_ALERT_HANDSHAKE_FAILURE] sslv3 alert handshake failure (_ssl.c:1006)'))"
WOS0152,"The use of local climate zones in the urban environment: A systematic review of data sources, methods, and themes",10.1016/j.uclim.2022.101120,high,https://linkinghub.elsevier.com/retrieve/pii/S2212095522000384,200,text/html;charset=UTF-8,,D:\LCZ_pdf_acquisition_handoff_portable_20260514\LCZ_pdf_acquisition_handoff_20260514\fulltext_pages\WOS0152.html,2,https://www.sciencedirect.com/science/article/pii/S2212095522000384/pdfft?isDTMRedir=true&download=true; https://reader.elsevier.com/reader/sd/pii/S2212095522000384?download=true,no_pdf_downloaded,,"https://www.sciencedirect.com/science/article/pii/S2212095522000384/pdfft?isDTMRedir=true&download=true: HTTPError: HTTP Error 403: Forbidden | https://reader.elsevier.com/reader/sd/pii/S2212095522000384?download=true: URLError(SSLError(1, '[SSL: SSLV3_ALERT_HANDSHAKE_FAILURE] sslv3 alert handshake failure (_ssl.c:1006)'))"
WOS0153,The suitability of the urban local climate zone classification scheme for surface temperature studies in distinct macroclimate regions,10.1016/j.uclim.2021.100823,high,https://linkinghub.elsevier.com/retrieve/pii/S2212095521000535,200,text/html;charset=UTF-8,,D:\LCZ_pdf_acquisition_handoff_portable_20260514\LCZ_pdf_acquisition_handoff_20260514\fulltext_pages\WOS0153.html,2,https://www.sciencedirect.com/science/article/pii/S2212095521000535/pdfft?isDTMRedir=true&download=true; https://reader.elsevier.com/reader/sd/pii/S2212095521000535?download=true,no_pdf_downloaded,,"https://www.sciencedirect.com/science/article/pii/S2212095521000535/pdfft?isDTMRedir=true&download=true: HTTPError: HTTP Error 403: Forbidden | https://reader.elsevier.com/reader/sd/pii/S2212095521000535?download=true: URLError(SSLError(1, '[SSL: SSLV3_ALERT_HANDSHAKE_FAILURE] sslv3 alert handshake failure (_ssl.c:1006)'))"
WOS0154,Exploring the relationship between air temperature and urban morphology factors using machine learning under local climate zones,10.1016/j.csite.2024.104151,high,https://linkinghub.elsevier.com/retrieve/pii/S2214157X24001825,200,text/html;charset=UTF-8,,D:\LCZ_pdf_acquisition_handoff_portable_20260514\LCZ_pdf_acquisition_handoff_20260514\fulltext_pages\WOS0154.html,2,https://www.sciencedirect.com/science/article/pii/S2214157X24001825/pdfft?isDTMRedir=true&download=true; https://reader.elsevier.com/reader/sd/pii/S2214157X24001825?download=true,no_pdf_downloaded,,"https://www.sciencedirect.com/science/article/pii/S2214157X24001825/pdfft?isDTMRedir=true&download=true: HTTPError: HTTP Error 403: Forbidden | https://reader.elsevier.com/reader/sd/pii/S2214157X24001825?download=true: URLError(SSLError(1, '[SSL: SSLV3_ALERT_HANDSHAKE_FAILURE] sslv3 alert handshake failure (_ssl.c:1006)'))"
WOS0155,"What is the relationship between urban heat island (UHI) effect and urban surface parameter (USP) at micro-scale? A case study in Gulangyu, China",10.1016/j.scs.2025.106959,high,https://linkinghub.elsevier.com/retrieve/pii/S2210670725008315,200,text/html;charset=UTF-8,,D:\LCZ_pdf_acquisition_handoff_portable_20260514\LCZ_pdf_acquisition_handoff_20260514\fulltext_pages\WOS0155.html,2,https://www.sciencedirect.com/science/article/pii/S2210670725008315/pdfft?isDTMRedir=true&download=true; https://reader.elsevier.com/reader/sd/pii/S2210670725008315?download=true,no_pdf_downloaded,,"https://www.sciencedirect.com/science/article/pii/S2210670725008315/pdfft?isDTMRedir=true&download=true: HTTPError: HTTP Error 403: Forbidden | https://reader.elsevier.com/reader/sd/pii/S2210670725008315?download=true: URLError(SSLError(1, '[SSL: SSLV3_ALERT_HANDSHAKE_FAILURE] sslv3 alert handshake failure (_ssl.c:1006)'))"
WOS0156,"Exploration of improvement schemes for simulating LST in Beijing, China over multiple years based on LCZ",10.1016/j.uclim.2024.102275,medium,https://linkinghub.elsevier.com/retrieve/pii/S2212095524004723,200,text/html;charset=UTF-8,,D:\LCZ_pdf_acquisition_handoff_portable_20260514\LCZ_pdf_acquisition_handoff_20260514\fulltext_pages\WOS0156.html,2,https://www.sciencedirect.com/science/article/pii/S2212095524004723/pdfft?isDTMRedir=true&download=true; https://reader.elsevier.com/reader/sd/pii/S2212095524004723?download=true,no_pdf_downloaded,,"https://www.sciencedirect.com/science/article/pii/S2212095524004723/pdfft?isDTMRedir=true&download=true: HTTPError: HTTP Error 403: Forbidden | https://reader.elsevier.com/reader/sd/pii/S2212095524004723?download=true: URLError(SSLError(1, '[SSL: SSLV3_ALERT_HANDSHAKE_FAILURE] sslv3 alert handshake failure (_ssl.c:1006)'))"
WOS0157,Urban land cover mapping under the Local Climate Zone scheme using Sentinel-2 and PALSAR-2 data,10.1016/j.uclim.2020.100661,high,https://linkinghub.elsevier.com/retrieve/pii/S2212095519303827,200,text/html;charset=UTF-8,,D:\LCZ_pdf_acquisition_handoff_portable_20260514\LCZ_pdf_acquisition_handoff_20260514\fulltext_pages\WOS0157.html,2,https://www.sciencedirect.com/science/article/pii/S2212095519303827/pdfft?isDTMRedir=true&download=true; https://reader.elsevier.com/reader/sd/pii/S2212095519303827?download=true,no_pdf_downloaded,,"https://www.sciencedirect.com/science/article/pii/S2212095519303827/pdfft?isDTMRedir=true&download=true: HTTPError: HTTP Error 403: Forbidden | https://reader.elsevier.com/reader/sd/pii/S2212095519303827?download=true: URLError(SSLError(1, '[SSL: SSLV3_ALERT_HANDSHAKE_FAILURE] sslv3 alert handshake failure (_ssl.c:1006)'))"
WOS0158,"Urban heat island and its impact on climate change resilience in a shrinking city: The case of Glasgow, UK",10.1016/j.buildenv.2012.01.020,medium,https://linkinghub.elsevier.com/retrieve/pii/S0360132312000352,200,text/html;charset=UTF-8,,D:\LCZ_pdf_acquisition_handoff_portable_20260514\LCZ_pdf_acquisition_handoff_20260514\fulltext_pages\WOS0158.html,2,https://www.sciencedirect.com/science/article/pii/S0360132312000352/pdfft?isDTMRedir=true&download=true; https://reader.elsevier.com/reader/sd/pii/S0360132312000352?download=true,no_pdf_downloaded,,"https://www.sciencedirect.com/science/article/pii/S0360132312000352/pdfft?isDTMRedir=true&download=true: HTTPError: HTTP Error 403: Forbidden | https://reader.elsevier.com/reader/sd/pii/S0360132312000352?download=true: URLError(SSLError(1, '[SSL: SSLV3_ALERT_HANDSHAKE_FAILURE] sslv3 alert handshake failure (_ssl.c:1006)'))"
WOS0159,The characteristic and transformation of 3D urban morphology in three Chinese mega-cities,10.1016/j.cities.2022.103988,high,https://linkinghub.elsevier.com/retrieve/pii/S0264275122004279,200,text/html;charset=UTF-8,,D:\LCZ_pdf_acquisition_handoff_portable_20260514\LCZ_pdf_acquisition_handoff_20260514\fulltext_pages\WOS0159.html,2,https://www.sciencedirect.com/science/article/pii/S0264275122004279/pdfft?isDTMRedir=true&download=true; https://reader.elsevier.com/reader/sd/pii/S0264275122004279?download=true,no_pdf_downloaded,,"https://www.sciencedirect.com/science/article/pii/S0264275122004279/pdfft?isDTMRedir=true&download=true: HTTPError: HTTP Error 403: Forbidden | https://reader.elsevier.com/reader/sd/pii/S0264275122004279?download=true: URLError(SSLError(1, '[SSL: SSLV3_ALERT_HANDSHAKE_FAILURE] sslv3 alert handshake failure (_ssl.c:1006)'))"
WOS0160,Urban Heat Island Network Identification and Mitigation for Sustainable Urban Development Based on Source-Sink Theory and Local Climate Zone,10.3390/su18010260,high,https://www.mdpi.com/2071-1050/18/1/260,403,text/html,HTTPError: HTTP Error 403: Forbidden,D:\LCZ_pdf_acquisition_handoff_portable_20260514\LCZ_pdf_acquisition_handoff_20260514\fulltext_pages\WOS0160.html,1,https://www.mdpi.com/2071-1050/18/1/260/pdf,no_pdf_downloaded,,https://www.mdpi.com/2071-1050/18/1/260/pdf: HTTPError: HTTP Error 403: Forbidden
